//时间,开盘价,最高价,最低价,收盘价,成交量,持仓量,MA:MA1,MA:MA2,MA:MA3,MA:MA4,MACD:MACD,MACD:MACDAvg,MACD:MACDDiff,MACD:零线
2015/08/26,563.0,573.0,561.5,571.5,71480,87272,N/A,N/A,N/A,N/A,0.00,0.00,0.00,0.00
2015/08/27,572.0,586.0,569.5,573.0,121688,87974,N/A,N/A,N/A,N/A,0.12,0.02,0.10,0.00
2015/08/30,572.0,577.0,566.0,568.5,96420,81912,N/A,N/A,N/A,N/A,-0.15,-0.01,-0.14,0.00
2015/08/31,566.0,578.0,566.0,573.5,64786,80014,N/A,N/A,N/A,N/A,0.04,0.00,0.04,0.00
2015/09/01,572.5,575.5,564.0,573.5,67588,74900,N/A,N/A,N/A,N/A,0.19,0.04,0.15,0.00
2015/09/06,571.0,581.0,570.0,576.5,48864,72944,N/A,N/A,N/A,N/A,0.55,0.14,0.41,0.00
2015/09/07,576.5,588.0,576.0,583.0,109368,72238,N/A,N/A,N/A,N/A,1.34,0.38,0.96,0.00
2015/09/08,585.5,596.5,583.0,588.0,130902,66920,N/A,N/A,N/A,N/A,2.34,0.77,1.57,0.00
2015/09/09,588.5,589.5,582.0,588.0,68766,68212,N/A,N/A,N/A,N/A,3.10,1.24,1.86,0.00
2015/09/10,588.0,593.5,582.5,583.5,72162,65168,N/A,N/A,N/A,N/A,3.30,1.65,1.65,0.00
2015/09/13,583.0,584.0,569.0,573.5,114130,68924,N/A,N/A,N/A,N/A,2.62,1.84,0.78,0.00
2015/09/14,572.5,576.5,570.5,574.0,44372,64952,N/A,N/A,N/A,N/A,2.10,1.90,0.20,0.00
2015/09/15,574.0,589.5,574.0,587.0,130354,78680,N/A,N/A,N/A,N/A,2.70,2.06,0.65,0.00
2015/09/16,589.0,589.5,583.5,584.0,80684,71634,N/A,N/A,N/A,N/A,2.91,2.23,0.68,0.00
2015/09/17,581.0,592.5,581.0,586.0,97888,75976,N/A,N/A,N/A,N/A,3.19,2.42,0.77,0.00
2015/09/20,584.5,599.5,584.0,597.0,126410,92920,N/A,N/A,N/A,N/A,4.26,2.79,1.47,0.00
2015/09/21,597.0,598.0,589.0,591.5,89454,85186,N/A,N/A,N/A,N/A,4.61,3.15,1.45,0.00
2015/09/22,589.0,589.0,580.0,583.5,109046,78884,N/A,N/A,N/A,N/A,4.19,3.36,0.83,0.00
2015/09/23,584.0,588.0,581.0,582.5,50044,76726,N/A,N/A,N/A,N/A,3.73,3.43,0.30,0.00
2015/09/24,580.0,586.5,580.0,584.5,62190,76470,N/A,N/A,N/A,N/A,3.49,3.45,0.05,0.00
2015/09/27,584.0,584.0,572.5,574.0,52934,84632,N/A,N/A,N/A,N/A,2.43,3.24,-0.81,0.00
2015/09/28,572.0,577.0,570.5,571.0,50562,82094,N/A,N/A,N/A,N/A,1.32,2.86,-1.53,0.00
2015/09/29,571.0,572.5,565.5,571.5,49762,77034,N/A,N/A,N/A,N/A,0.49,2.38,-1.90,0.00
2015/10/07,574.0,575.0,570.0,570.5,31688,76076,N/A,N/A,N/A,N/A,-0.26,1.86,-2.11,0.00
2015/10/08,570.5,586.0,570.0,581.5,99228,71190,N/A,N/A,N/A,N/A,0.04,1.49,-1.45,0.00
2015/10/11,583.0,583.5,566.0,567.0,108026,83950,N/A,N/A,N/A,N/A,-0.88,1.02,-1.90,0.00
2015/10/12,567.0,569.0,563.5,567.0,97820,94140,N/A,N/A,N/A,N/A,-1.59,0.50,-2.09,0.00
2015/10/13,566.5,568.5,560.5,564.5,82082,100964,N/A,N/A,N/A,N/A,-2.33,-0.07,-2.26,0.00
2015/10/14,565.0,567.5,563.0,563.5,49052,97366,N/A,N/A,N/A,N/A,-2.97,-0.65,-2.32,0.00
2015/10/15,563.0,566.0,561.5,565.0,59180,92492,565.40,569.55,576.95,577.27,-3.31,-1.18,-2.13,0.00
2015/10/18,565.0,574.0,564.0,565.5,98750,88490,565.10,568.70,576.55,577.07,-3.50,-1.64,-1.85,0.00
2015/10/19,565.0,572.0,563.5,569.5,64134,90916,565.60,568.55,576.33,576.95,-3.29,-1.97,-1.32,0.00
2015/10/20,570.5,574.0,567.5,568.0,68482,92720,566.30,568.20,575.38,576.93,-3.21,-2.22,-0.99,0.00
2015/10/21,567.5,575.0,562.5,571.5,90366,97536,567.90,568.30,574.75,576.87,-2.83,-2.34,-0.49,0.00
2015/10/22,572.0,574.5,563.5,571.0,92648,86338,569.10,567.25,574.00,576.78,-2.54,-2.38,-0.16,0.00
2015/10/25,571.0,572.0,564.0,564.5,55098,89058,568.90,567.00,572.38,576.38,-2.80,-2.46,-0.34,0.00
2015/10/26,564.0,567.5,562.0,563.5,63396,93472,567.70,566.65,570.98,575.73,-3.05,-2.58,-0.47,0.00
2015/10/27,563.0,563.0,554.0,556.0,164600,133238,565.30,565.80,569.60,574.67,-3.81,-2.83,-0.99,0.00
2015/10/28,555.0,558.0,554.0,555.0,64494,133132,562.00,564.95,568.23,573.57,-4.45,-3.15,-1.30,0.00
2015/10/29,554.5,558.5,554.5,555.5,45590,127102,558.90,564.00,566.77,572.63,-4.85,-3.49,-1.36,0.00
2015/11/01,555.0,556.5,551.5,555.5,65304,140248,557.10,563.00,565.85,572.03,-5.12,-3.82,-1.30,0.00
2015/11/02,555.5,560.0,552.5,557.5,99242,133400,555.90,561.80,565.17,571.48,-5.10,-4.07,-1.03,0.00
2015/11/03,557.0,562.0,555.5,562.0,105084,128820,557.10,561.20,564.70,570.65,-4.68,-4.20,-0.48,0.00
2015/11/04,561.5,564.5,559.5,564.0,91670,125174,558.90,560.45,564.38,569.98,-4.13,-4.18,0.05,0.00
2015/11/05,562.0,567.0,560.0,562.5,102564,117972,560.30,559.60,563.42,569.20,-3.77,-4.10,0.33,0.00
2015/11/08,562.0,563.5,558.5,558.5,67284,123882,560.90,559.00,563.00,567.92,-3.77,-4.03,0.26,0.00
2015/11/09,558.0,563.0,557.5,562.5,53116,118722,561.90,558.90,562.77,566.95,-3.41,-3.91,0.50,0.00
2015/11/10,563.0,563.0,559.5,561.5,36584,119632,561.80,559.45,562.63,566.22,-3.16,-3.76,0.60,0.00
2015/11/11,561.0,563.0,558.5,561.5,65804,118794,561.30,560.10,562.52,565.52,-2.93,-3.59,0.66,0.00
2015/11/12,560.5,571.0,560.5,569.0,74718,114286,562.60,561.45,562.73,565.00,-2.12,-3.30,1.18,0.00
2015/11/15,570.0,570.0,563.0,566.5,69012,112870,564.20,562.55,562.77,564.75,-1.67,-2.97,1.31,0.00
2015/11/16,566.0,571.5,563.0,571.0,69682,124146,565.90,563.90,562.85,564.75,-0.93,-2.56,1.64,0.00
2015/11/17,569.5,570.0,561.0,564.0,85510,124172,566.40,564.10,562.65,564.50,-0.90,-2.23,1.33,0.00
2015/11/18,564.5,564.5,542.5,542.5,166076,131484,562.60,561.95,561.20,563.57,-2.58,-2.30,-0.28,0.00
2015/11/19,541.0,553.0,537.0,545.0,192604,113952,557.80,560.20,559.90,562.35,-3.67,-2.57,-1.09,0.00
2015/11/22,545.0,554.5,545.0,552.0,87688,104748,554.90,559.55,559.27,561.85,-3.92,-2.84,-1.08,0.00
2015/11/23,554.0,572.5,552.0,572.5,113224,90394,555.20,560.55,559.73,562.03,-2.44,-2.76,0.32,0.00
2015/11/24,494.0,509.5,486.5,507.5,262744,116368,543.90,555.15,557.30,560.13,-6.43,-3.50,-2.94,0.00
2015/11/25,506.0,521.5,502.5,515.5,230086,101392,538.50,550.55,555.33,558.53,-8.85,-4.57,-4.29,0.00
2015/11/26,515.0,526.5,509.0,513.5,202198,101430,532.20,545.00,553.23,556.82,-10.81,-5.82,-4.99,0.00
2015/11/29,513.5,519.0,502.5,509.5,155054,112294,523.70,539.30,550.92,554.95,-12.53,-7.16,-5.37,0.00
2015/11/30,509.0,520.0,507.0,516.5,140404,117092,512.50,533.85,548.88,553.18,-13.19,-8.36,-4.82,0.00
2015/12/01,516.0,528.5,513.5,523.5,200580,136304,515.70,529.80,546.95,551.70,-12.99,-9.29,-3.70,0.00
2015/12/02,522.0,523.5,515.5,516.5,101194,138932,515.90,527.20,544.58,549.87,-13.24,-10.08,-3.16,0.00
2015/12/03,517.0,524.0,504.0,516.0,233316,143154,516.40,524.30,542.25,548.03,-13.33,-10.73,-2.60,0.00
2015/12/06,519.0,526.5,515.0,525.5,143072,157806,519.60,521.65,540.60,546.73,-12.49,-11.08,-1.41,0.00
2015/12/07,524.0,524.5,516.0,521.5,156428,170778,520.60,516.55,538.55,545.33,-12.01,-11.27,-0.74,0.00
2015/12/08,520.5,523.0,505.5,508.0,350614,193348,517.50,516.60,535.88,543.73,-12.57,-11.53,-1.04,0.00
2015/12/09,508.0,513.5,506.0,511.5,171274,187806,516.50,516.20,533.38,542.28,-12.59,-11.74,-0.85,0.00
2015/12/10,510.0,514.5,505.5,514.0,159446,174442,516.10,516.25,530.63,540.90,-12.26,-11.85,-0.42,0.00
2015/12/13,513.0,523.5,510.5,520.0,197086,178950,515.00,517.30,528.30,539.72,-11.39,-11.75,0.37,0.00
2015/12/14,518.0,525.5,516.0,517.0,150236,176500,514.10,517.35,525.60,538.37,-10.81,-11.57,0.75,0.00
2015/12/15,516.0,520.5,516.0,519.0,66016,180506,516.30,516.90,523.35,536.93,-10.08,-11.27,1.19,0.00
2015/12/16,520.0,527.0,519.5,521.5,144178,193126,518.30,517.40,522.30,535.52,-9.19,-10.85,1.66,0.00
2015/12/17,521.5,537.0,521.0,536.5,211748,204426,522.80,519.45,521.88,534.65,-7.19,-10.12,2.93,0.00
2015/12/20,536.5,547.5,535.0,546.0,268228,199908,528.00,521.50,521.58,534.23,-4.78,-9.05,4.27,0.00
2015/12/21,545.0,546.5,536.5,545.5,178206,200336,533.70,523.90,520.23,533.67,-2.88,-7.82,4.93,0.00
2015/12/22,545.0,546.5,539.0,543.5,148000,203122,538.60,527.45,522.02,533.07,-1.52,-6.56,5.04,0.00
2015/12/23,543.5,548.5,541.0,545.5,182268,210602,543.40,530.85,523.52,532.53,-0.28,-5.30,5.02,0.00
2015/12/24,544.5,546.0,540.0,543.0,104450,210348,544.70,533.75,525.00,531.67,0.50,-4.14,4.64,0.00
2015/12/27,542.0,545.0,536.5,542.0,169648,210422,543.90,535.95,526.63,530.85,1.02,-3.11,4.13,0.00
2015/12/28,541.0,555.5,538.5,555.0,228632,225514,545.80,539.75,528.55,530.32,2.46,-2.00,4.45,0.00
2015/12/29,555.0,567.5,554.0,558.0,297660,214248,548.70,543.65,530.27,530.12,3.80,-0.84,4.63,0.00
2015/12/30,558.5,570.5,556.0,565.0,249346,211166,552.60,548.00,532.70,530.87,5.36,0.40,4.96,0.00
2016/01/03,567.0,570.0,554.5,555.0,148054,204588,555.00,549.85,534.65,531.20,5.72,1.47,4.26,0.00
2016/01/04,555.5,562.0,554.0,561.0,116352,206096,558.80,551.35,536.42,531.50,6.42,2.46,3.97,0.00
2016/01/05,560.0,561.5,550.0,551.0,166848,197368,558.00,551.90,537.90,530.78,6.10,3.19,2.91,0.00
2016/01/06,550.0,555.5,546.5,550.0,140108,186776,556.40,552.55,540.00,532.20,5.70,3.69,2.01,0.00
2016/01/07,550.0,553.0,543.0,551.0,180704,192344,553.60,553.10,541.98,533.38,5.40,4.03,1.37,0.00
2016/01/10,551.0,554.5,545.5,550.5,169952,194404,552.70,553.85,543.80,534.62,5.06,4.24,0.82,0.00
2016/01/11,550.0,551.5,533.0,535.5,210930,183528,547.60,553.20,544.58,535.48,3.54,4.10,-0.55,0.00
2016/01/12,534.0,541.0,524.5,529.0,320568,161276,543.20,550.60,545.17,535.90,1.79,3.64,-1.84,0.00
2016/01/13,528.0,532.0,520.5,531.0,263334,146368,539.40,547.90,545.77,536.15,0.56,3.02,-2.46,0.00
2016/01/14,530.5,537.0,527.5,528.0,195504,145446,534.80,544.20,546.10,536.53,-0.65,2.29,-2.93,0.00
2016/01/17,527.0,544.5,524.5,542.0,264198,145942,533.10,542.90,546.38,537.40,-0.47,1.74,-2.21,0.00
2016/01/18,542.5,546.0,533.5,543.0,251260,145988,534.60,541.10,546.23,537.98,-0.25,1.34,-1.59,0.00
2016/01/19,542.5,544.5,534.0,537.5,182424,143736,536.30,539.75,545.83,538.52,-0.51,0.97,-1.48,0.00
2016/01/20,536.5,537.5,530.5,531.5,196672,147214,536.40,537.90,545.23,539.30,-1.19,0.54,-1.72,0.00
2016/01/21,531.5,548.0,531.5,545.5,251668,156084,539.90,537.35,545.23,540.43,-0.59,0.31,-0.90,0.00
2016/01/24,547.0,551.5,543.0,545.0,214272,154806,540.50,536.80,545.33,541.47,-0.15,0.22,-0.37,0.00
2016/01/25,543.5,553.0,540.5,551.5,181682,155798,542.20,538.40,545.80,542.52,0.71,0.32,0.39,0.00
2016/01/26,553.5,563.0,551.0,560.5,220004,147844,546.80,541.55,546.08,543.97,2.10,0.68,1.42,0.00
2016/01/27,561.0,561.5,552.5,552.5,153902,131184,551.00,543.70,545.80,545.08,2.52,1.04,1.48,0.00
2016/01/28,553.5,558.0,549.0,555.0,139516,131446,552.90,546.40,545.30,546.20,3.02,1.44,1.58,0.00
2016/01/31,555.0,563.5,554.5,558.0,155264,133610,555.50,548.00,545.45,546.92,3.62,1.88,1.75,0.00
2016/02/01,557.5,559.0,553.0,558.5,105388,129700,556.90,549.55,545.33,547.33,4.09,2.32,1.77,0.00
2016/02/02,559.0,561.0,555.0,559.0,91570,134430,556.60,551.70,545.73,547.78,4.45,2.75,1.70,0.00
2016/02/03,568.0,568.0,562.0,564.5,104818,129654,559.00,555.00,546.45,548.48,5.12,3.22,1.90,0.00
2016/02/04,564.5,564.5,556.5,558.0,75730,116728,559.60,556.25,546.80,548.90,5.07,3.59,1.48,0.00
2016/02/14,556.0,567.0,553.0,558.5,69596,119174,559.70,557.60,547.20,549.42,5.01,3.87,1.14,0.00
2016/02/15,559.0,572.0,558.5,566.5,185282,124296,561.30,559.10,548.75,550.23,5.54,4.21,1.34,0.00
2016/02/16,566.0,571.5,561.0,563.0,157624,126950,562.10,559.35,550.45,550.50,5.62,4.49,1.13,0.00
2016/02/17,565.0,569.5,562.0,568.0,74948,126034,562.80,560.90,552.30,550.83,6.02,4.80,1.22,0.00
2016/02/18,568.0,579.0,564.5,571.0,204088,141304,565.40,562.50,554.45,551.03,6.50,5.14,1.36,0.00
2016/02/21,572.0,594.0,569.5,594.0,309264,154744,572.50,566.10,557.05,552.33,8.63,5.83,2.80,0.00
2016/02/22,594.5,606.5,591.0,600.0,301162,170518,579.20,570.25,559.90,553.63,10.69,6.81,3.88,0.00
2016/02/23,601.5,614.0,598.5,612.5,593906,185334,589.10,575.60,563.65,555.68,13.17,8.08,5.09,0.00
2016/02/24,612.0,615.0,603.5,608.0,417636,173850,597.10,579.95,567.48,557.62,14.61,9.38,5.23,0.00
2016/02/25,609.0,610.0,593.5,606.5,369234,167504,604.20,584.80,570.52,559.47,15.45,10.60,4.85,0.00
2016/02/28,606.5,613.0,596.5,612.5,326356,166298,607.90,590.20,573.90,561.53,16.41,11.76,4.65,0.00
2016/02/29,614.5,620.0,606.5,613.0,293820,164074,610.50,594.85,576.98,564.12,17.02,12.81,4.21,0.00
2016/03/01,612.5,613.5,602.5,608.0,306134,153968,609.60,599.35,579.35,566.75,16.90,13.63,3.27,0.00
2016/03/02,605.5,612.5,600.5,602.5,270702,146378,608.50,602.80,581.85,569.13,16.18,14.14,2.04,0.00
2016/03/03,602.5,602.5,583.0,591.5,458482,144570,605.50,604.85,583.67,571.25,14.55,14.22,0.33,0.00
2016/03/06,596.5,616.5,595.5,616.5,341572,136990,606.30,607.10,586.60,573.73,15.10,14.40,0.70,0.00
2016/03/07,644.0,645.0,598.5,622.5,839250,142770,608.20,609.35,589.80,576.38,15.84,14.68,1.15,0.00
2016/03/08,611.5,618.5,599.5,600.5,446108,131740,606.70,608.15,591.88,578.48,14.48,14.64,-0.16,0.00
2016/03/09,607.0,623.0,594.5,601.0,554278,129602,606.40,607.45,593.70,580.80,13.29,14.37,-1.08,0.00
2016/03/10,602.0,619.0,599.5,612.5,359338,124094,610.60,608.05,596.42,583.03,13.13,14.12,-1.00,0.00
2016/03/13,610.5,634.0,606.5,614.0,611750,121780,610.10,608.20,599.20,585.33,12.97,13.89,-0.92,0.00
2016/03/14,615.0,620.0,610.5,613.0,209718,115716,608.20,608.20,601.52,587.38,12.62,13.64,-1.02,0.00
2016/03/15,612.5,621.5,612.0,613.5,184134,108222,610.80,608.75,604.05,589.15,12.24,13.36,-1.12,0.00
2016/03/16,613.5,628.0,603.0,623.0,320276,117160,615.20,610.80,606.80,591.50,12.56,13.20,-0.64,0.00
2016/03/17,622.0,641.5,620.5,633.5,292584,105642,619.40,615.00,609.92,594.12,13.50,13.26,0.24,0.00
2016/03/20,633.0,645.5,624.0,624.5,278250,104376,621.50,615.80,611.45,596.33,13.37,13.28,0.09,0.00
2016/03/21,626.0,633.5,623.5,627.0,158904,102912,624.30,616.25,612.80,598.62,13.32,13.29,0.03,0.00
2016/03/22,627.5,642.0,621.5,622.5,241428,87000,626.10,618.45,613.30,600.73,12.76,13.18,-0.42,0.00
2016/03/23,621.0,624.0,609.5,609.5,179020,82000,623.40,619.30,613.38,602.23,11.15,12.78,-1.63,0.00
2016/03/24,609.0,617.0,607.5,616.5,105674,77458,620.00,619.70,613.88,604.18,10.31,12.28,-1.97,0.00
2016/03/27,619.0,625.5,610.0,610.5,171186,82118,617.20,619.35,613.77,605.92,9.06,11.64,-2.58,0.00
2016/03/28,613.0,616.5,608.0,611.0,92228,81276,614.00,619.15,613.67,607.40,8.02,10.92,-2.90,0.00
2016/03/29,613.0,617.5,604.5,609.5,104578,68688,611.40,618.75,613.75,608.95,6.99,10.13,-3.14,0.00
2016/03/30,609.5,616.5,605.5,616.5,82534,60518,612.80,618.10,614.45,610.57,6.66,9.44,-2.77,0.00
2016/03/31,643.0,656.5,642.0,656.5,635786,141032,620.80,620.40,617.70,613.42,9.52,9.45,0.07,0.00
2016/04/04,656.0,662.0,645.5,657.5,310264,149204,630.20,623.70,619.75,615.53,11.73,9.91,1.82,0.00
2016/04/05,653.0,669.0,652.0,655.0,537502,141066,639.00,626.50,621.38,617.37,13.13,10.55,2.58,0.00
2016/04/06,655.0,661.5,644.0,654.0,605586,155452,647.90,629.65,624.05,618.75,14.00,11.24,2.76,0.00
2016/04/07,652.0,658.0,646.0,655.5,533190,178756,655.70,634.25,626.77,620.33,14.64,11.92,2.72,0.00
2016/04/10,658.0,678.5,657.0,674.0,866698,190016,659.20,640.00,629.85,622.58,16.45,12.83,3.62,0.00
2016/04/11,675.0,696.5,672.0,696.5,693860,202482,667.00,648.60,633.98,625.38,19.47,14.16,5.32,0.00
2016/04/12,700.0,725.0,689.5,711.5,1141994,206074,678.30,658.65,638.90,628.67,22.82,15.89,6.93,0.00
2016/04/13,710.0,729.0,705.0,711.0,969904,233066,689.70,668.80,643.77,632.10,25.14,17.74,7.40,0.00
2016/04/14,713.0,717.5,688.0,688.0,747594,204760,696.20,675.95,647.02,634.95,24.84,19.16,5.68,0.00
2016/04/17,684.0,741.5,681.0,719.5,834378,207348,705.30,682.25,651.33,639.22,26.83,20.69,6.14,0.00
2016/04/18,729.0,738.5,702.5,720.0,1273194,251584,710.00,688.50,656.10,642.67,28.12,22.18,5.95,0.00
2016/04/19,724.0,759.0,714.5,755.0,1465558,259056,718.70,698.50,662.50,647.08,31.61,24.06,7.55,0.00
2016/04/20,750.0,780.5,734.0,772.5,1127234,246418,731.00,710.35,670.00,652.82,35.38,26.33,9.05,0.00
2016/04/21,777.0,800.0,752.0,765.5,1171816,227308,746.50,721.35,677.80,658.30,37.37,28.54,8.83,0.00
2016/04/24,765.0,818.5,764.0,818.5,1273602,289954,766.30,735.80,687.90,665.17,42.73,31.37,11.35,0.00
2016/04/25,818.5,837.5,772.5,797.5,1508004,348958,781.80,745.90,697.25,671.28,44.77,34.05,10.71,0.00
2016/04/26,795.0,799.5,761.0,761.0,723502,344598,783.00,750.85,704.75,676.22,42.94,35.83,7.11,0.00
2016/04/27,753.0,753.5,729.5,729.5,622330,307094,774.40,752.70,710.75,680.08,38.51,36.37,2.14,0.00
2016/04/28,730.0,777.0,730.0,773.5,520316,291084,776.00,761.25,718.60,685.10,38.11,36.71,1.39,0.00
2016/05/02,770.0,776.0,707.5,727.0,330438,285546,757.70,762.00,722.13,688.22,33.65,36.10,-2.45,0.00
2016/05/03,719.5,736.0,710.0,730.5,271030,266492,744.30,763.05,725.77,691.75,30.05,34.89,-4.84,0.00
2016/05/04,730.5,743.0,701.0,706.5,305054,254410,733.40,758.20,728.35,694.40,24.98,32.91,-7.93,0.00
2016/05/05,705.0,719.0,676.0,694.5,339832,240920,726.40,750.40,730.38,696.80,19.76,30.28,-10.52,0.00
2016/05/08,695.0,722.0,650.5,664.0,550702,254342,704.50,740.25,730.80,698.62,13.01,26.83,-13.81,0.00
2016/05/09,660.0,697.0,655.0,688.5,455944,258158,696.80,727.25,731.52,701.02,9.53,23.37,-13.83,0.00
2016/05/10,690.0,703.0,676.5,688.0,335300,238712,688.30,716.30,731.10,703.60,6.66,20.03,-13.37,0.00
2016/05/11,688.0,703.0,680.0,684.0,240462,242230,683.80,708.60,729.73,706.03,4.01,16.82,-12.81,0.00
2016/05/12,688.0,698.0,645.0,664.5,437634,229400,677.80,702.10,727.40,707.87,0.34,13.53,-13.19,0.00
2016/05/15,666.5,697.5,664.0,685.5,292688,240154,682.10,693.30,727.27,710.17,-0.87,10.65,-11.52,0.00
2016/05/16,686.0,729.0,685.5,720.0,316176,255822,688.40,692.60,727.30,712.28,0.94,8.71,-7.76,0.00
2016/05/17,718.5,728.0,695.5,704.0,262868,224202,691.60,689.95,726.50,713.83,1.08,7.18,-6.10,0.00
2016/05/18,703.0,722.0,685.0,709.0,314302,242258,696.60,690.20,724.20,715.63,1.57,6.06,-4.49,0.00
2016/05/19,709.0,733.5,703.5,727.5,322722,258106,709.20,693.50,721.95,718.08,3.42,5.53,-2.11,0.00
2016/05/22,727.5,738.0,671.5,691.5,485986,247188,710.40,696.25,718.25,719.28,1.95,4.81,-2.86,0.00
2016/05/23,695.0,695.0,651.5,660.0,387760,207920,698.40,693.40,710.33,718.82,-1.73,3.50,-5.24,0.00
2016/05/24,666.5,671.0,647.5,656.0,290192,199832,688.80,690.20,703.25,717.47,-4.92,1.82,-6.74,0.00
2016/05/25,660.0,685.0,657.0,684.0,264898,206790,683.80,690.20,699.40,716.55,-5.13,0.43,-5.56,0.00
2016/05/26,684.0,690.0,662.0,685.0,284806,192734,675.30,692.25,697.17,715.68,-5.15,-0.69,-4.46,0.00
2016/05/29,684.0,691.0,664.0,688.5,173640,191038,674.70,692.55,692.92,715.70,-4.83,-1.51,-3.32,0.00
2016/05/30,690.5,705.0,681.5,683.0,180108,186338,679.30,688.85,690.73,714.48,-4.96,-2.20,-2.76,0.00
2016/05/31,685.5,687.5,666.0,685.5,126038,180494,685.20,687.00,688.48,713.33,-4.81,-2.73,-2.09,0.00
2016/06/01,685.0,698.0,675.5,688.0,118964,178272,686.00,684.90,687.55,711.10,-4.44,-3.07,-1.37,0.00
2016/06/02,685.0,707.0,682.5,697.5,137908,191958,688.50,681.90,687.70,708.60,-3.34,-3.12,-0.22,0.00
2016/06/05,701.0,707.5,675.5,704.5,235644,199188,691.70,683.20,689.73,706.57,-1.88,-2.87,0.99,0.00
2016/06/06,705.5,710.5,690.5,695.0,129028,180088,694.10,686.70,690.05,702.45,-1.47,-2.59,1.12,0.00
2016/06/07,695.5,699.0,679.0,681.0,121726,167694,693.20,689.20,689.70,698.57,-2.25,-2.53,0.27,0.00
2016/06/12,683.5,694.0,662.0,662.5,193878,196316,688.10,687.05,688.63,695.28,-4.32,-2.88,-1.43,0.00
2016/06/13,663.0,672.0,630.5,645.0,283406,218542,677.60,683.05,687.65,692.47,-7.28,-3.76,-3.52,0.00
2016/06/14,644.5,663.0,637.5,655.5,165038,202292,667.80,679.75,686.15,688.53,-8.68,-4.75,-3.93,0.00
2016/06/15,658.0,670.0,654.0,659.0,140286,196786,660.60,677.35,683.10,686.27,-9.40,-5.68,-3.72,0.00
2016/06/16,658.0,674.5,654.5,673.5,113250,175256,659.10,676.15,681.58,684.37,-8.70,-6.28,-2.42,0.00
2016/06/19,671.5,684.0,665.0,668.0,77252,173004,660.20,674.15,679.52,683.08,-8.49,-6.72,-1.77,0.00
2016/06/20,669.0,688.5,663.5,677.5,90438,167712,666.70,672.15,677.02,682.52,-7.47,-6.87,-0.60,0.00
2016/06/21,678.0,725.0,676.5,701.5,130488,184594,675.90,671.85,677.52,683.77,-4.67,-6.43,1.76,0.00
2016/06/22,704.0,709.0,696.0,708.0,105896,182366,685.70,673.15,679.92,684.42,-1.91,-5.53,3.62,0.00
2016/06/23,706.0,721.5,691.5,705.5,178772,183708,692.10,675.60,682.40,685.00,0.08,-4.41,4.48,0.00
2016/06/26,705.0,737.0,704.0,734.0,204594,184792,705.30,682.75,684.90,686.67,3.91,-2.74,6.65,0.00
2016/06/27,730.0,735.0,715.5,727.0,123960,173800,715.20,690.95,687.00,688.75,6.30,-0.93,7.24,0.00
2016/06/28,727.0,729.0,704.0,716.0,167588,185974,718.10,697.00,688.38,689.77,7.23,0.70,6.53,0.00
2016/06/29,714.5,725.5,711.0,719.0,117800,169540,720.30,703.00,690.17,689.73,8.12,2.18,5.94,0.00
2016/06/30,718.0,723.0,710.0,717.0,96088,171808,722.60,707.35,691.75,690.17,8.56,3.46,5.10,0.00
2016/07/03,717.0,742.0,713.0,728.5,155870,174848,721.50,713.40,693.77,690.82,9.73,4.71,5.01,0.00
2016/07/04,730.0,734.5,697.0,717.0,116260,152954,719.50,717.35,694.75,690.47,9.61,5.69,3.92,0.00
2016/07/05,715.5,729.0,700.5,721.0,131104,150398,720.50,719.30,695.58,691.45,9.73,6.50,3.23,0.00
2016/07/06,715.5,736.5,710.0,722.0,156094,137398,721.10,720.70,696.92,693.52,9.79,7.16,2.63,0.00
2016/07/07,726.0,734.0,709.0,733.5,115270,122788,724.40,723.50,699.55,696.10,10.65,7.86,2.79,0.00
2016/07/10,735.5,741.0,720.0,739.0,87992,128772,726.50,724.00,703.38,697.93,11.63,8.61,3.02,0.00
2016/07/11,741.0,778.0,735.0,771.5,211974,166818,737.40,728.45,709.70,700.82,14.87,9.86,5.00,0.00
2016/07/12,773.5,777.0,752.5,755.0,144008,149372,744.20,732.35,714.67,703.03,15.92,11.07,4.84,0.00
2016/07/13,761.0,761.5,730.0,739.5,121026,134664,747.70,734.40,718.70,704.92,15.32,11.92,3.40,0.00
2016/07/14,743.0,756.5,735.0,744.5,59248,126584,749.90,737.15,722.25,706.88,15.07,12.55,2.52,0.00
2016/07/17,748.0,754.0,705.5,715.0,112530,122372,745.10,735.80,724.60,707.78,12.36,12.51,-0.16,0.00
2016/07/18,712.0,729.5,710.0,722.5,100050,105158,735.30,736.35,726.85,708.62,10.69,12.15,-1.46,0.00
2016/07/19,725.0,730.5,719.0,720.5,52650,104008,728.40,736.30,727.80,709.15,9.10,11.54,-2.44,0.00
2016/07/20,718.0,749.5,713.0,742.5,81812,106138,729.00,738.35,729.52,710.73,9.50,11.13,-1.63,0.00
2016/07/21,741.0,743.5,726.0,731.0,62926,99916,726.30,738.10,730.80,712.40,8.80,10.66,-1.87,0.00
2016/07/24,731.5,758.0,722.0,751.0,105802,116630,733.50,739.30,731.65,715.35,9.74,10.48,-0.74,0.00
2016/07/25,743.0,753.0,735.0,742.0,44884,106906,737.40,736.35,732.40,718.58,9.64,10.31,-0.67,0.00
2016/07/26,741.0,763.0,740.0,753.5,78418,114486,744.00,736.20,734.27,721.85,10.38,10.33,0.05,0.00
2016/07/27,755.0,772.0,747.0,771.0,75896,123200,749.70,739.35,736.88,725.58,12.23,10.71,1.53,0.00
2016/07/28,762.0,776.0,750.5,763.5,73112,127752,756.20,741.25,739.20,728.58,12.95,11.16,1.79,0.00
2016/07/31,761.5,785.0,755.5,780.0,97314,135096,762.00,747.75,741.77,732.32,14.68,11.86,2.82,0.00
2016/08/01,772.5,797.0,772.5,787.0,68560,140526,771.00,754.20,745.27,735.97,16.42,12.77,3.65,0.00
2016/08/02,785.5,793.0,777.5,780.5,56180,134336,776.40,760.20,748.25,738.60,17.08,13.63,3.45,0.00
2016/08/03,781.0,782.0,759.0,769.5,67078,121932,776.10,762.90,750.63,740.65,16.53,14.21,2.32,0.00
2016/08/04,765.0,789.5,765.0,784.5,53184,125626,780.30,768.25,753.17,743.28,17.11,14.79,2.31,0.00
2016/08/07,785.5,832.0,780.0,821.0,100552,140206,788.50,775.25,757.27,746.18,20.27,15.89,4.38,0.00
2016/08/08,823.0,839.5,795.0,808.5,103774,128472,792.80,781.90,759.13,748.90,21.53,17.02,4.51,0.00
2016/08/09,808.0,833.0,798.5,810.0,101326,137012,798.70,787.55,761.88,752.03,22.38,18.09,4.29,0.00
2016/08/10,814.5,821.0,795.0,815.0,65344,127056,807.80,791.95,765.65,755.23,23.20,19.11,4.09,0.00
2016/08/11,812.0,818.0,805.0,813.0,59484,115530,813.50,796.90,769.08,758.43,23.41,19.97,3.44,0.00
2016/08/14,810.0,812.0,761.0,766.5,100394,88712,802.60,795.55,771.65,759.70,19.60,19.90,-0.29,0.00
2016/08/15,865.0,899.0,852.5,877.0,169712,169180,816.30,804.55,779.38,765.03,25.21,20.96,4.25,0.00
2016/08/16,881.0,892.0,864.0,866.0,125268,166088,827.50,813.10,786.65,769.87,28.44,22.45,5.98,0.00
2016/08/17,867.5,882.0,829.0,845.0,192764,176756,833.50,820.65,791.77,773.97,28.97,23.76,5.21,0.00
2016/08/18,842.0,857.0,838.5,848.5,118548,166118,840.60,827.05,797.65,777.80,29.33,24.87,4.46,0.00
2016/08/21,848.5,870.5,848.0,857.5,116328,175686,858.80,830.70,802.98,781.75,30.00,25.90,4.10,0.00
2016/08/22,855.5,885.0,848.0,868.5,118678,192360,857.10,836.70,809.30,784.98,31.06,26.93,4.13,0.00
2016/08/23,873.0,880.0,863.0,867.0,79054,194258,857.30,842.40,814.98,788.72,31.42,27.83,3.59,0.00
2016/08/24,868.0,878.0,840.0,859.0,168716,203782,860.10,846.80,819.38,792.70,30.70,28.40,2.30,0.00
2016/08/25,860.0,871.0,846.5,861.5,119940,194404,862.70,851.65,824.27,796.60,29.99,28.72,1.27,0.00
2016/08/28,859.5,876.0,839.5,874.0,186142,218902,866.00,862.40,828.98,801.90,30.09,28.99,1.09,0.00
2016/08/29,874.0,888.0,869.0,883.0,210532,244494,868.90,863.00,833.77,807.25,30.54,29.30,1.24,0.00
2016/08/30,886.0,895.0,854.0,859.5,295310,229380,867.40,862.35,837.73,811.88,28.67,29.18,-0.51,0.00
2016/08/31,859.5,879.5,840.0,876.5,282356,231272,870.90,865.50,843.08,816.35,28.24,28.99,-0.75,0.00
2016/09/01,878.0,913.0,872.0,901.0,363796,282200,878.80,870.75,848.90,822.02,29.53,29.10,0.43,0.00
2016/09/04,903.0,943.5,902.0,936.5,304790,287236,891.30,878.65,854.67,828.20,33.04,29.88,3.15,0.00
2016/09/05,940.0,946.5,929.5,946.0,199054,305494,903.90,886.40,861.55,835.00,36.16,31.14,5.02,0.00
2016/09/06,946.0,948.5,895.0,903.5,429294,305480,912.70,890.05,866.23,840.00,34.81,31.88,2.94,0.00
2016/09/07,900.0,920.0,883.0,909.5,372742,297794,919.30,895.10,870.95,844.62,33.84,32.27,1.57,0.00
2016/09/08,910.0,915.0,883.5,902.0,324686,310800,919.50,899.15,875.40,849.23,32.09,32.23,-0.14,0.00
2016/09/11,902.0,905.5,862.0,865.5,303924,294500,905.30,898.30,880.35,852.08,27.44,31.27,-3.83,0.00
2016/09/12,868.0,881.5,846.0,855.0,275244,279436,887.10,895.50,879.25,854.35,22.65,29.55,-6.90,0.00
2016/09/13,855.0,871.0,850.0,866.5,196344,270356,879.70,896.20,879.27,857.22,19.56,27.55,-8.00,0.00
2016/09/18,861.5,894.0,851.5,891.5,172494,272916,876.10,897.70,881.60,861.28,18.90,25.82,-6.92,0.00
2016/09/19,890.0,938.5,887.0,926.5,347464,301924,881.00,900.25,885.50,866.02,20.97,24.85,-3.88,0.00
2016/09/20,927.0,945.0,914.0,931.5,312300,308370,894.20,899.75,889.20,869.70,22.74,24.43,-1.68,0.00
2016/09/21,932.0,965.0,916.0,921.5,432164,329142,907.50,897.30,891.85,873.47,23.08,24.16,-1.08,0.00
2016/09/22,921.5,945.0,909.0,943.0,400418,328380,922.80,901.25,895.65,877.90,24.80,24.29,0.51,0.00
2016/09/25,943.0,972.5,937.5,963.0,372714,354974,937.10,906.60,900.85,882.83,27.45,24.92,2.53,0.00
2016/09/26,964.0,968.5,944.0,960.5,299508,328368,943.90,912.45,905.80,887.75,29.02,25.74,3.28,0.00
2016/09/27,960.0,971.5,940.0,970.5,304890,354462,951.70,922.95,910.63,894.55,30.72,26.74,3.98,0.00
2016/09/28,967.0,1019.5,967.0,999.5,443270,368454,967.30,937.40,916.45,898.63,34.01,28.19,5.82,0.00
2016/09/29,999.5,1016.0,988.5,1011.5,293422,345610,981.00,951.90,924.05,903.48,37.16,29.98,7.18,0.00
2016/10/09,1030.0,1033.5,996.0,1023.0,229776,351730,993.00,965.05,931.38,909.42,40.12,32.01,8.11,0.00
2016/10/10,1025.5,1042.5,1016.0,1041.0,259746,378356,1009.10,976.50,938.38,915.83,43.42,34.29,9.13,0.00
2016/10/11,1040.0,1065.5,1031.0,1063.0,261710,385958,1027.60,989.65,944.70,922.68,47.26,36.89,10.38,0.00
2016/10/12,1063.0,1080.0,1050.5,1059.5,325946,377042,1039.60,1003.45,950.38,929.05,49.46,39.40,10.06,0.00
2016/10/13,1061.5,1128.0,1051.0,1111.0,414740,414432,1059.50,1020.25,960.75,937.18,54.72,42.47,12.26,0.00
2016/10/16,1110.0,1158.0,1106.5,1156.0,415546,417340,1086.10,1039.55,973.08,947.08,61.81,46.34,15.48,0.00
2016/10/17,1156.5,1194.0,1140.5,1180.5,487392,460398,1114.00,1061.55,987.00,957.72,68.62,50.79,17.83,0.00
2016/10/18,1184.5,1243.5,1182.5,1228.5,786512,495782,1147.10,1087.35,1005.15,969.53,77.00,56.03,20.96,0.00
2016/10/19,1225.0,1249.5,1196.0,1213.0,723402,515784,1177.80,1108.70,1023.05,980.53,81.45,61.12,20.33,0.00
2016/10/20,1218.0,1236.0,1190.0,1235.0,572728,513972,1202.60,1131.05,1041.47,993.05,85.76,66.04,19.72,0.00
2016/10/23,1235.0,1258.5,1215.0,1243.5,628786,538556,1220.10,1153.10,1059.08,1005.28,88.84,70.60,18.24,0.00
2016/10/24,1241.0,1313.0,1237.0,1300.0,588542,507746,1244.00,1179.00,1077.75,1018.58,94.75,75.43,19.32,0.00
2016/10/25,1300.0,1332.0,1260.5,1277.5,664148,477254,1253.80,1200.45,1095.05,1029.95,96.50,79.65,16.86,0.00
2016/10/26,1279.0,1292.0,1219.5,1244.0,671462,470898,1260.00,1218.90,1111.18,1039.88,94.11,82.54,11.57,0.00
2016/10/27,1250.5,1307.5,1227.5,1307.5,549986,463814,1274.50,1238.55,1129.40,1053.35,96.22,85.28,10.95,0.00
2016/10/30,1307.5,1322.5,1266.5,1306.5,543520,460920,1287.10,1253.60,1146.58,1066.58,96.70,87.56,9.14,0.00
2016/10/31,1305.5,1339.5,1237.5,1313.0,777636,521188,1289.70,1266.85,1164.20,1080.28,96.49,89.35,7.15,0.00
2016/11/01,1313.0,1348.5,1297.5,1304.5,542112,479160,1295.10,1274.45,1180.90,1094.92,94.55,90.39,4.17,0.00
2016/11/02,1305.0,1336.5,1290.5,1336.0,490568,493852,1313.50,1286.75,1197.72,1110.95,94.47,91.20,3.26,0.00
2016/11/03,1347.5,1405.5,1341.0,1405.5,655382,470290,1333.10,1303.80,1217.43,1128.92,98.87,92.74,6.13,0.00
2016/11/06,1407.5,1516.0,1405.0,1516.0,620790,404492,1375.00,1331.05,1242.08,1149.73,110.01,96.19,13.82,0.00
2016/11/07,1525.0,1544.0,1393.5,1422.5,785930,349394,1396.90,1343.30,1261.15,1166.27,110.02,98.96,11.06,0.00
2016/11/08,1424.5,1588.5,1423.0,1559.0,660454,363128,1447.80,1371.45,1285.95,1187.18,119.66,103.10,16.57,0.00
2016/11/09,1553.0,1608.5,1461.0,1495.5,681376,338316,1479.70,1396.60,1307.75,1206.32,120.79,106.64,14.15,0.00
2016/11/10,1499.5,1586.0,1485.5,1563.0,429098,283156,1511.20,1422.15,1330.35,1226.98,125.68,110.45,15.24,0.00
2016/11/13,1565.0,1676.0,1515.5,1644.0,549868,260870,1536.80,1455.90,1354.75,1249.68,134.54,115.27,19.28,0.00
2016/11/14,1634.5,1653.5,1468.5,1509.5,492422,267304,1554.20,1475.55,1371.20,1267.98,129.23,118.06,11.17,0.00
2016/11/15,1522.0,1573.5,1487.5,1569.0,376408,250512,1556.20,1502.00,1388.22,1287.93,128.33,120.11,8.22,0.00
2016/11/16,1569.0,1590.0,1510.0,1558.0,301836,250614,1568.70,1524.20,1405.47,1306.55,125.29,121.15,4.14,0.00
2016/11/17,1566.0,1580.0,1458.0,1485.0,364964,251778,1553.10,1532.15,1417.97,1322.33,115.66,120.05,-4.39,0.00
2016/11/20,1489.0,1520.0,1431.0,1483.0,336200,229660,1520.90,1528.85,1429.95,1337.67,106.63,117.37,-10.73,0.00
2016/11/21,1485.0,1589.5,1485.0,1587.5,228646,200614,1536.50,1545.35,1444.33,1355.88,106.68,115.23,-8.55,0.00
